text,topic
야생동물 요리를 준비하는 기술을 배우세요,사냥과 요리
사냥은 자연과 가족을 위한 음식을 제공하는 좋은 방법일 수 있습니다,사냥과 요리
사냥과 요리의 과정을 거친 후 테이블에 올릴 수 있는 것은 큰 보상을 줍니다,사냥과 요리
사냥 여행에 참여하고 수확한 채소를 올바르게 준비하고 요리하는 법을 배우세요,사냥과 요리
올해 글로벌 경제성장이 둔화될 것으로 예상됩니다,글로벌 경제
주요 경제 간 무역 긴장은 글로벌 시장에 영향을 미치고 있습니다,글로벌 경제
국제 시장과 금융 시스템은 복잡하게 연결되어 있으며 국경을 넘어 무역과 투자를 조직합니다,글로벌 경제
지리적 긴장과 전염병의 영향으로 글로벌 경제는 불확실성에 직면하고 있습니다,글로벌 경제
소셜 미디어는 우리가 다른 사람들과 정보를 소비하는 방식을 혁신했습니다,소셜 미디어의 영향
많은 사람들은 과도한 소셜 미디어 사용이 정신 건강에 부정적인 영향을 미칠 것을 우려합니다,소셜 미디어의 영향
기업들은 보다 넓은 대중에게 도달하기 위해 소셜 미디어를 마케팅 도구로 적극 활용하고 있습니다,소셜 미디어의 영향
소셜 미디어의 사회적 영향은 여전히 논쟁과 연구의 주제입니다,소셜 미디어의 영향
우주 권역의 외부를 탐험하는 것은 우주 기관들에게 최우선 과제가 되었습니다,지난 십년간 우주 탐사 미션의 진화
기술의 발전으로 우주 탐사 미션에 더 정교한 기기를 사용할 수 있게 되었습니다,지난 십년간 우주 탐사 미션의 진화
지난 십년 동안 화성과 그 이상에 대한 성공적인 미션 수가 증가하였습니다,지난 십년간 우주 탐사 미션의 진화
연구원들은 이제 다른 행성에서 잠재적인 생명의 증거를 찾는 데 초점을 맞추고 있습니다,지난 십년간 우주 탐사 미션의 진화
선명한 색상과 대담한 패턴이 이번 시즌의 패션 트렌드를 주도하고 있습니다,패션 트렌드
오버사이즈 실루엣과 독특한 소매도 런웨이를 지배하고 있습니다,패션 트렌드
지속 가능하고 친환경적인 패션 옵션이 소비자들 사이에서 인기를 얻고 있습니다,패션 트렌드
빈티지와 레트로 스타일은 현재의 패션 트렌드에 영향을 주고 있습니다,패션 트렌드
음악의 진화는 전 세계 다양한 문화를 형성하는 데 중요한 역할을 해 왔습니다,음악의 역사와 의의
고대 의식부터 현대 엔터테인먼트까지/음악은 항상 사회에서 중요한 위치를 차지해 왔습니다,음악의 역사와 의의
음악의 중요성은 감정을 자아내고 사람들을 하나로 모으는 능력에서 확인할 수 있습니다,음악의 역사와 의의
역사적으로 음악은 표현과 이야기 전달의 수단으로 사용되어 왔습니다,음악의 역사와 의의
고대 올림픽 대회는 기원전 776년부터 393년까지 그리스의 올림피아에서 개최되었습니다,올림픽 대회의 역사
현대 올림픽 대회는 1896년 그리스 아테네에서 부활되었습니다,올림픽 대회의 역사
올림픽 대회는 도수영부터 육상 경기/체조/농구 등 다양한 종목을 포함하고 있습니다,올림픽 대회의 역사
유럽/런던/리우 등 다양한 도시에서 올림픽 대회가 개최되었습니다,올림픽 대회의 역사
스트리밍 서비스는 엔터테인먼트 소비 방식을 혁신하여 전통적인 영화 및 텔레비전 산업의 변화를 이끌고 있습니다,스트리밍 서비스가 영화 및 텔레비전 산업에 미치는 영향
스트리밍 플랫폼의 등장으로 오리지널 콘텐츠에 대한 수요가 더 커지고/이로 인해 영화 제작자와 배우들에게 더 많은 기회가 생기고 있습니다,스트리밍 서비스가 영화 및 텔레비전 산업에 미치는 영향
스트리밍의 편리함은 관객들의 행동도 변화시켜/더 많은 사람들이 전통적인 TV 일정에 따르는 대신 자신의 일정에 맞춰 콘텐츠를 시청하도록 선택하고 있습니다,스트리밍 서비스가 영화 및 텔레비전 산업에 미치는 영향
스트리밍이 산업을 지배함에 따라/영화관의 영향과 영화의 미래에 대한 논쟁도 증가하고 있습니다,스트리밍 서비스가 영화 및 텔레비전 산업에 미치는 영향
고대 이집트인들이 피라미드를 건설하는 데 사용한 고급 공학 기술을 발견하세요,고대 문명에 관한 사실
마야 문명의 신비한 의식과 의례를 밝혀내세요,고대 문명에 관한 사실
인더스 계곡 문명의 정교한 농업 실천법을 배우세요,고대 문명에 관한 사실
고대 그리스의 정교한 예술 작품과 도자기를 탐험하세요,고대 문명에 관한 사실
팀의 주력 선수가 경기 도중 시즌 종료 부상을 입었습니다,스포츠 관련 뉴스
팬들은 예상치 못한 패배에 좌절했습니다,스포츠 관련 뉴스
코치는 이제 대체 선수를 찾아내는 과제를 안고 있습니다,스포츠 관련 뉴스
그러나 반전에도 불구하고 팀은 승리 행진을 이어가기로 결심했습니다,스포츠 관련 뉴스
인터넷에서 보낸 첫 번째 메시지는 "LO"였지만 "G"가 전송되기 전에 시스템이 충돌했습니다,인터넷의 역사
세계적인 컴퓨터 과학자 팀 버너스리(Tim Berners-Lee)가 1989년에 월드 와이드 웹을 만들었습니다,인터넷의 역사
월드 와이드 웹이라고 불리는 최초의 웹 브라우저는 1990년에 팀 버너스 리(Tim Berners-Lee)가 만들었습니다,인터넷의 역사
인터넷은 사람들이 통신하고 정보에 접근하는 방식을 혁신적으로 바꿔 놓았습니다,인터넷의 역사
베스트셀러와 숨겨진 보물에 대한 최신 도서 리뷰를 확인하세요,책 리뷰
각 책의 줄거리/캐릭터 및 문체 스타일에 대한 통찰력을 얻으세요,책 리뷰
어떤 책을 읽어야 할지/어떤 책을 건너뛸지 알아보세요,책 리뷰
최신 출시 도서 및 예정된 문학적 동향에 대한 정보를 확인하세요,책 리뷰
인터넷을 통해 수익을 창출하는 다양한 방법을 발견하세요,온라인에서 돈 버는 방법
온라인 수익을 위한 전자 상거래와 제휴 마케팅의 잠재력을 탐험하세요,온라인에서 돈 버는 방법
프리랜싱 및 원격 작업 기회의 이점을 배우세요,온라인에서 돈 버는 방법
성공적인 온라인 비즈니스를 구축하기 위해 시간과 노력을 투자하는 중요성을 이해하세요,온라인에서 돈 버는 방법
소비자 행동을 이해하는 것은 효과적인 마케팅 전략을 개발하는 데 중요합니다,마케팅에서 심리학의 사용
심리학적 원리는 종종 소비자의 결정을 영향을 주는 데 사용됩니다,마케팅에서 심리학의 사용
마케터는 소비자의 감정에 호소하기 위해 색채 심리학 및 사회적 입증 등의 기술을 사용합니다,마케팅에서 심리학의 사용
무의식적인 마음을 이용하여 마케터는 소비자와 공감하는 설득적인 메시지를 만들어 낼 수 있습니다,마케팅에서 심리학의 사용
도시 계획은 현대 도시의 발전을 모양있게 하는 데 중요한 역할을 합니다,현대 도시에서 도시 계획의 역할
그것은 토지와 자원의 효율적인 사용을 보장하고 지속 가능한 성장을 촉진합니다,현대 도시에서 도시 계획의 역할
교통/주택 및 공공 공간과 같은 요소들을 고려함으로써 도시 계획가들은 거주자와 방문자 모두에게 삶이 가능하고 활기찬 커뮤니티를 만들기 위해 노력합니다,현대 도시에서 도시 계획의 역할
도시 계획의 목표는 기능적이고 미적으로 만족스러운 도시를 만드는 것입니다,현대 도시에서 도시 계획의 역할
펫 소유자는 동물이 길을 잃었을 때 식별하기 쉽도록 그들의 동물에게 마이크로칩을 심는 것을 권장받습니다,애완 동물 관련 뉴스
새로운 연구에 따르면 반려동물과 함께 보내는 시간은 스트레스 수준을 낮추고 전반적인 웰빙을 향상시킬 수 있습니다,애완 동물 관련 뉴스
집회소들은 더 많은 사람들이 집에서 일하고 동물을 돌볼 시간이 있기 때문에 입양의 급증을 보고 있습니다,애완 동물 관련 뉴스
애완동물 및 그들의 주인들의 필요에 맞는 혁신적인 제품과 서비스에 대한 수요가 계속해서 증가하고 있습니다,애완 동물 관련 뉴스
많은 사람들이 종교적 신념에서 위안과 지침을 찾습니다,종교
영적인 것은 매우 개인적이고 내적 경험일 수 있습니다,종교
종교적인 실천은 서로 다른 문화와 지역 사이에서 크게 다를 수 있습니다,종교
다양한 신앙을 탐색하는 것은 주변 세계에 대한 보다 깊은 이해로 이어질 수 있습니다,종교
인공 지능은 진단 정확도와 치료 효과를 향상시켜 의료 분야를 혁신할 수 있습니다,의료 분야에서 인공 지능의 활용
의료 인공 지능 시스템은 의사와 함께 작업하여 환자 진료를 보조하고 속도를 높일 수 있습니다,의료 분야에서 인공 지능의 활용
인공 지능은 의료 데이터를 분석하고 트렌드를 예측하는 데 사용될 수 있습니다,의료 분야에서 인공 지능의 활용
의료 분야에서 인공 지능의 사용은 전체 의료 시스템을 개선하고 환자 치료의 효율성을 높일 수 있습니다,의료 분야에서 인공 지능의 활용
현대 사회에서 성별 평등을 실현하기 위해 여러 조치가 취해지고 있습니다,성별 평등을 위한 노력
여성의 교육 및 경제 참여 증진은 성별 평등을 증진하는 데 중요한 역할을 합니다,성별 평등을 위한 노력
성별 편견과 차별을 줄이는 데 필요한 교육 및 인식 증진이 성별 평등을 달성하는 데 도움이 될 수 있습니다,성별 평등을 위한 노력
세계적으로 여성의 정치적/사회적 및 경제적 지위를 향상시키는 데 많은 노력이 기울여지고 있습니다,성별 평등을 위한 노력
유아부터 성인까지 인터넷과 스마트폰 올바른 사용 교육을 하고 스마트폰 과다 사용자 가정은 직접 방문해 자기 조절 능력 향상과 바른 사용 습관 형성을 돕는다,인터넷중독
프랑스 정부가 3세 미만 유아의 영상 시청과 13세 미만 어린이의 스마트폰 사용 자체를 금지하는 방안을 검토,인터넷중독
휴대전화를 뺏을 수도 없고/사용시간을 제한하기도 어려워 답답함을 느끼는 보호자라면,인터넷중독
컴퓨터나 휴대폰을 많이 사용하면 건강에 어떤 문제가 생길까요,인터넷중독
학생들의 적령기와 발달단계 보다 한발 앞서서 일정한 교육과정에 따라 학생들에게 행하는 교육이다,조기교육
너무 이른 사교육. 한국의 어린이와 청소년의 행복지수는 반비례,조기교육
선행학습을 하게 된 아이는 선생님에 대한 신뢰도가 떨어지게 되며/학습에 집중하지 않아 집중력이 떨어지게 되어 점차 학습에 대한 흥미까지 떨어지게 됩니다,조기교육
학령에 도달하지 않은 아동에게 일정한 커리큘럼에 따라 실시하는 교육을 말한다,조기교육
우리나라 청소년들이 의사나 변호사 등 전통적 인기직업보다 연예인이나 스포츠 스타,장래희망
청소년 장래희망에서 연예인이 상위권을 차지하는 것은 한두 해만의 일이 아니지만,장래희망
미래의 전망 또한 달라질 수 있는데요그렇다면 초등학생 장래희망은 어떤 직업을 가장 선호했을까요,장래희망
너는 어떤 꿈을 꾸고 있니누구나 어려서부터 꿈꾸는 장래희망이 있습니다,장래희망
대부분 미지의 세계에 대한 막연한 두려움과 공포 등의 소재가 많았다외계인을 다루거나 시대적 상황과 환경 등을 소재로 다루며 미래를 다룬다,SF영화
마니아들 사이에서 '블레이드 러너'라고 답하는 건 지극히 당연하다고 한다,SF영화
스티븐 스필버그가 만든 영화 <레디플레이원> 연출은 기가막히다,SF영화
수십 년간 다양한 버전으로 미래도시의 모습을 그려온 영화의 거장이 바라보는 궁극적인 비전은,SF영화
소상공인을 위한 비즈니스 트렌드/접근성/인공 지능/모바일 마케팅/맞춤형 고객 서비스,비즈니스 트렌드
세상을 바꿀 내 손 안의 AI/온디바이스 AI이러한 추세가 올해도 계속될 것으로 보이지만,비즈니스 트렌드
비즈니스를 영위하는 유통 기업이 고려해야 할,비즈니스 트렌드
시장의 흐름을 파악하세요직장인이라면 트렌드 파악은 필수,비즈니스 트렌드
생물 유기체와 무생물환경이 상호작용하여 영향을 주고 받는 것,자연생태계
어느 지역에 서식하는 모든 생물과 그 지역 내의 비생물적 환경을 하나의 단위로 통합,자연생태계
생물다양성은 인간을 포함한 지구상의 모든 생명의 생존과 번영을 책임지는 '안전망'을 제공,자연생태계
생물 다양성이 보호되지 않는다면/우리의 생명과 다른 모든 생물들의 생명이 위험에 처할 것입니다,자연생태계 
